Date,Domain,Subsidiary,Metric_Name,Target_Value,Actual_Value
2025-01-01,Agribusiness,Kulim (Malaysia) Berhad,Daily_Revenue_RM_Mil,4.8031,5.0852
2025-01-01,Agribusiness,Kulim (Malaysia) Berhad,Daily_Gross_Profit_RM_Mil,1.8572,1.7463
2025-01-01,Agribusiness,Kulim (Malaysia) Berhad,Daily_Finance_Cost_RM_Mil,0.1641,0.1852
2025-01-01,Agribusiness,Kulim (Malaysia) Berhad,FFB_Processed_Tonnes,4688.0,4620.0
2025-01-02,Agribusiness,Johor Plantation Group,Daily_Revenue_RM_Mil,4.9267,5.0075
2025-01-02,Agribusiness,Johor Plantation Group,Daily_Gross_Profit_RM_Mil,1.8804,1.7403
2025-01-02,Agribusiness,Johor Plantation Group,Daily_Finance_Cost_RM_Mil,0.1609,0.16
2025-01-02,Agribusiness,Johor Plantation Group,FFB_Processed_Tonnes,4521.0,3955.0
2025-01-03,Agribusiness,Kulim (Malaysia) Berhad,Daily_Revenue_RM_Mil,4.9701,4.9849
2025-01-03,Agribusiness,Kulim (Malaysia) Berhad,Daily_Gross_Profit_RM_Mil,1.9315,1.8744
2025-01-03,Agribusiness,Kulim (Malaysia) Berhad,Daily_Finance_Cost_RM_Mil,0.1696,0.1677
2025-01-03,Agribusiness,Kulim (Malaysia) Berhad,FFB_Processed_Tonnes,4475.0,4700.0
2025-01-04,Agribusiness,Johor Plantation Group,Daily_Revenue_RM_Mil,4.8163,5.1177
2025-01-04,Agribusiness,Johor Plantation Group,Daily_Gross_Profit_RM_Mil,1.9461,1.9577
2025-01-04,Agribusiness,Johor Plantation Group,Daily_Finance_Cost_RM_Mil,0.1683,0.1677
2025-01-04,Agribusiness,Johor Plantation Group,FFB_Processed_Tonnes,4378.0,3992.0
2025-01-05,Agribusiness,Kulim (Malaysia) Berhad,Daily_Revenue_RM_Mil,4.8246,4.4517
2025-01-05,Agribusiness,Kulim (Malaysia) Berhad,Daily_Gross_Profit_RM_Mil,1.9846,2.0343
2025-01-05,Agribusiness,Kulim (Malaysia) Berhad,Daily_Finance_Cost_RM_Mil,0.1634,0.157
2025-01-05,Agribusiness,Kulim (Malaysia) Berhad,FFB_Processed_Tonnes,4490.0,4676.0
2025-01-06,Agribusiness,Johor Plantation Group,Daily_Revenue_RM_Mil,4.9403,4.4683
2025-01-06,Agribusiness,Johor Plantation Group,Daily_Gross_Profit_RM_Mil,2.0517,1.9326
2025-01-06,Agribusiness,Johor Plantation Group,Daily_Finance_Cost_RM_Mil,0.1605,0.1754
2025-01-06,Agribusiness,Johor Plantation Group,FFB_Processed_Tonnes,4664.0,4970.0
2025-01-07,Agribusiness,Kulim (Malaysia) Berhad,Daily_Revenue_RM_Mil,4.7188,5.1225
2025-01-07,Agribusiness,Kulim (Malaysia) Berhad,Daily_Gross_Profit_RM_Mil,1.9346,1.692
2025-01-07,Agribusiness,Kulim (Malaysia) Berhad,Daily_Finance_Cost_RM_Mil,0.1622,0.1499
2025-01-07,Agribusiness,Kulim (Malaysia) Berhad,FFB_Processed_Tonnes,4622.0,5002.0
2025-01-08,Agribusiness,Johor Plantation Group,Daily_Revenue_RM_Mil,4.6662,2.7064
2025-01-08,Agribusiness,Johor Plantation Group,Daily_Gross_Profit_RM_Mil,1.964,1.7578
2025-01-08,Agribusiness,Johor Plantation Group,Daily_Finance_Cost_RM_Mil,0.1675,0.1574
2025-01-08,Agribusiness,Johor Plantation Group,FFB_Processed_Tonnes,4312.0,4057.0
2025-01-09,Agribusiness,Kulim (Malaysia) Berhad,Daily_Revenue_RM_Mil,4.7626,4.4351
2025-01-09,Agribusiness,Kulim (Malaysia) Berhad,Daily_Gross_Profit_RM_Mil,2.0112,2.0115
2025-01-09,Agribusiness,Kulim (Malaysia) Berhad,Daily_Finance_Cost_RM_Mil,0.1597,0.163
2025-01-09,Agribusiness,Kulim (Malaysia) Berhad,FFB_Processed_Tonnes,4306.0,4767.0
2025-01-10,Agribusiness,Johor Plantation Group,Daily_Revenue_RM_Mil,4.6427,4.4772
2025-01-10,Agribusiness,Johor Plantation Group,Daily_Gross_Profit_RM_Mil,1.9522,1.8154
2025-01-10,Agribusiness,Johor Plantation Group,Daily_Finance_Cost_RM_Mil,0.1612,0.1636
2025-01-10,Agribusiness,Johor Plantation Group,FFB_Processed_Tonnes,4289.0,4601.0
2025-01-11,Agribusiness,Kulim (Malaysia) Berhad,Daily_Revenue_RM_Mil,4.6296,4.1646
2025-01-11,Agribusiness,Kulim (Malaysia) Berhad,Daily_Gross_Profit_RM_Mil,1.9326,1.5479
2025-01-11,Agribusiness,Kulim (Malaysia) Berhad,Daily_Finance_Cost_RM_Mil,0.1643,0.1571
2025-01-11,Agribusiness,Kulim (Malaysia) Berhad,FFB_Processed_Tonnes,4545.0,4510.0
2025-01-12,Agribusiness,Johor Plantation Group,Daily_Revenue_RM_Mil,4.9463,4.5902
2025-01-12,Agribusiness,Johor Plantation Group,Daily_Gross_Profit_RM_Mil,1.9873,1.9869
2025-01-12,Agribusiness,Johor Plantation Group,Daily_Finance_Cost_RM_Mil,0.1627,0.1648
2025-01-12,Agribusiness,Johor Plantation Group,FFB_Processed_Tonnes,4395.0,4213.0
2025-01-13,Agribusiness,Kulim (Malaysia) Berhad,Daily_Revenue_RM_Mil,4.7385,4.8059
2025-01-13,Agribusiness,Kulim (Malaysia) Berhad,Daily_Gross_Profit_RM_Mil,1.9342,1.5631
2025-01-13,Agribusiness,Kulim (Malaysia) Berhad,Daily_Finance_Cost_RM_Mil,0.1691,0.1866
2025-01-13,Agribusiness,Kulim (Malaysia) Berhad,FFB_Processed_Tonnes,4413.0,4671.0
2025-01-14,Agribusiness,Johor Plantation Group,Daily_Revenue_RM_Mil,4.8967,4.7291
2025-01-14,Agribusiness,Johor Plantation Group,Daily_Gross_Profit_RM_Mil,1.929,2.1146
2025-01-14,Agribusiness,Johor Plantation Group,Daily_Finance_Cost_RM_Mil,0.1591,0.1669
2025-01-14,Agribusiness,Johor Plantation Group,FFB_Processed_Tonnes,4668.0,4459.0
2025-01-15,Agribusiness,Kulim (Malaysia) Berhad,Daily_Revenue_RM_Mil,5.029,5.3482
2025-01-15,Agribusiness,Kulim (Malaysia) Berhad,Daily_Gross_Profit_RM_Mil,2.0048,1.9878
2025-01-15,Agribusiness,Kulim (Malaysia) Berhad,Daily_Finance_Cost_RM_Mil,0.161,0.1574
2025-01-15,Agribusiness,Kulim (Malaysia) Berhad,FFB_Processed_Tonnes,4195.0,3951.0
2025-01-16,Agribusiness,Johor Plantation Group,Daily_Revenue_RM_Mil,4.9123,4.5771
2025-01-16,Agribusiness,Johor Plantation Group,Daily_Gross_Profit_RM_Mil,1.9631,2.3209
2025-01-16,Agribusiness,Johor Plantation Group,Daily_Finance_Cost_RM_Mil,0.1626,0.1658
2025-01-16,Agribusiness,Johor Plantation Group,FFB_Processed_Tonnes,4292.0,4574.0
2025-01-17,Agribusiness,Kulim (Malaysia) Berhad,Daily_Revenue_RM_Mil,4.9514,4.6918
2025-01-17,Agribusiness,Kulim (Malaysia) Berhad,Daily_Gross_Profit_RM_Mil,1.8848,1.8101
2025-01-17,Agribusiness,Kulim (Malaysia) Berhad,Daily_Finance_Cost_RM_Mil,0.1603,0.1655
2025-01-17,Agribusiness,Kulim (Malaysia) Berhad,FFB_Processed_Tonnes,4642.0,4680.0
2025-01-18,Agribusiness,Johor Plantation Group,Daily_Revenue_RM_Mil,4.555,5.1359
2025-01-18,Agribusiness,Johor Plantation Group,Daily_Gross_Profit_RM_Mil,1.9689,2.0099
2025-01-18,Agribusiness,Johor Plantation Group,Daily_Finance_Cost_RM_Mil,0.1591,0.158
2025-01-18,Agribusiness,Johor Plantation Group,FFB_Processed_Tonnes,4506.0,4539.0
2025-01-19,Agribusiness,Kulim (Malaysia) Berhad,Daily_Revenue_RM_Mil,4.8999,4.5692
2025-01-19,Agribusiness,Kulim (Malaysia) Berhad,Daily_Gross_Profit_RM_Mil,1.9127,1.7819
2025-01-19,Agribusiness,Kulim (Malaysia) Berhad,Daily_Finance_Cost_RM_Mil,0.1636,0.1457
2025-01-19,Agribusiness,Kulim (Malaysia) Berhad,FFB_Processed_Tonnes,4629.0,4781.0
2025-01-20,Agribusiness,Johor Plantation Group,Daily_Revenue_RM_Mil,4.9256,4.8616
2025-01-20,Agribusiness,Johor Plantation Group,Daily_Gross_Profit_RM_Mil,1.9575,1.8695
2025-01-20,Agribusiness,Johor Plantation Group,Daily_Finance_Cost_RM_Mil,0.1696,0.1568
2025-01-20,Agribusiness,Johor Plantation Group,FFB_Processed_Tonnes,4315.0,4274.0
2025-01-21,Agribusiness,Kulim (Malaysia) Berhad,Daily_Revenue_RM_Mil,4.8402,5.7487
2025-01-21,Agribusiness,Kulim (Malaysia) Berhad,Daily_Gross_Profit_RM_Mil,2.002,2.099
2025-01-21,Agribusiness,Kulim (Malaysia) Berhad,Daily_Finance_Cost_RM_Mil,0.1615,0.152
2025-01-21,Agribusiness,Kulim (Malaysia) Berhad,FFB_Processed_Tonnes,4366.0,4603.0
2025-01-22,Agribusiness,Johor Plantation Group,Daily_Revenue_RM_Mil,4.9508,5.298
2025-01-22,Agribusiness,Johor Plantation Group,Daily_Gross_Profit_RM_Mil,1.8857,1.6418
2025-01-22,Agribusiness,Johor Plantation Group,Daily_Finance_Cost_RM_Mil,0.1647,0.1693
2025-01-22,Agribusiness,Johor Plantation Group,FFB_Processed_Tonnes,4527.0,4771.0
2025-01-23,Agribusiness,Kulim (Malaysia) Berhad,Daily_Revenue_RM_Mil,4.9348,5.4286
2025-01-23,Agribusiness,Kulim (Malaysia) Berhad,Daily_Gross_Profit_RM_Mil,1.9865,1.6968
2025-01-23,Agribusiness,Kulim (Malaysia) Berhad,Daily_Finance_Cost_RM_Mil,0.1621,0.1599
2025-01-23,Agribusiness,Kulim (Malaysia) Berhad,FFB_Processed_Tonnes,4748.0,4515.0
2025-01-24,Agribusiness,Johor Plantation Group,Daily_Revenue_RM_Mil,4.7708,4.6835
2025-01-24,Agribusiness,Johor Plantation Group,Daily_Gross_Profit_RM_Mil,1.9819,1.9245
2025-01-24,Agribusiness,Johor Plantation Group,Daily_Finance_Cost_RM_Mil,0.1653,0.1515
2025-01-24,Agribusiness,Johor Plantation Group,FFB_Processed_Tonnes,4512.0,4882.0
2025-01-25,Agribusiness,Kulim (Malaysia) Berhad,Daily_Revenue_RM_Mil,4.8983,4.8075
2025-01-25,Agribusiness,Kulim (Malaysia) Berhad,Daily_Gross_Profit_RM_Mil,1.991,2.1419
2025-01-25,Agribusiness,Kulim (Malaysia) Berhad,Daily_Finance_Cost_RM_Mil,0.1657,0.1725
2025-01-25,Agribusiness,Kulim (Malaysia) Berhad,FFB_Processed_Tonnes,4642.0,4405.0
2025-01-26,Agribusiness,Johor Plantation Group,Daily_Revenue_RM_Mil,4.7283,4.9737
2025-01-26,Agribusiness,Johor Plantation Group,Daily_Gross_Profit_RM_Mil,2.0406,1.3264
2025-01-26,Agribusiness,Johor Plantation Group,Daily_Finance_Cost_RM_Mil,0.161,0.1728
2025-01-26,Agribusiness,Johor Plantation Group,FFB_Processed_Tonnes,4457.0,2495.92
2025-01-27,Agribusiness,Kulim (Malaysia) Berhad,Daily_Revenue_RM_Mil,4.4724,4.4236
2025-01-27,Agribusiness,Kulim (Malaysia) Berhad,Daily_Gross_Profit_RM_Mil,1.9757,1.7956
2025-01-27,Agribusiness,Kulim (Malaysia) Berhad,Daily_Finance_Cost_RM_Mil,0.1673,0.1567
2025-01-27,Agribusiness,Kulim (Malaysia) Berhad,FFB_Processed_Tonnes,4414.0,4107.0
2025-01-28,Agribusiness,Johor Plantation Group,Daily_Revenue_RM_Mil,4.6809,4.1065
2025-01-28,Agribusiness,Johor Plantation Group,Daily_Gross_Profit_RM_Mil,1.9181,1.8379
2025-01-28,Agribusiness,Johor Plantation Group,Daily_Finance_Cost_RM_Mil,0.1632,0.1645
2025-01-28,Agribusiness,Johor Plantation Group,FFB_Processed_Tonnes,4265.0,4391.0
2025-01-29,Agribusiness,Kulim (Malaysia) Berhad,Daily_Revenue_RM_Mil,4.8912,4.8034
2025-01-29,Agribusiness,Kulim (Malaysia) Berhad,Daily_Gross_Profit_RM_Mil,1.9708,1.9465
2025-01-29,Agribusiness,Kulim (Malaysia) Berhad,Daily_Finance_Cost_RM_Mil,0.1702,0.1806
2025-01-29,Agribusiness,Kulim (Malaysia) Berhad,FFB_Processed_Tonnes,4603.0,4147.0
2025-01-30,Agribusiness,Johor Plantation Group,Daily_Revenue_RM_Mil,4.8105,5.0622
2025-01-30,Agribusiness,Johor Plantation Group,Daily_Gross_Profit_RM_Mil,1.9939,1.977
2025-01-30,Agribusiness,Johor Plantation Group,Daily_Finance_Cost_RM_Mil,0.1709,0.1753
2025-01-30,Agribusiness,Johor Plantation Group,FFB_Processed_Tonnes,4414.0,4206.0
2025-01-01,Wellness and healthcare,KPJ Healthcare Berhad,Daily_Revenue_RM_Mil,11.8005,12.2757
2025-01-01,Wellness and healthcare,KPJ Healthcare Berhad,Daily_Gross_Profit_RM_Mil,5.4352,5.3788
2025-01-01,Wellness and healthcare,KPJ Healthcare Berhad,Daily_Finance_Cost_RM_Mil,0.5264,0.4879
2025-01-01,Wellness and healthcare,KPJ Healthcare Berhad,Patient_Admissions,1179.0,1191.0
2025-01-02,Wellness and healthcare,KPJ Johor Specialist Hospital,Daily_Revenue_RM_Mil,11.9171,12.1959
2025-01-02,Wellness and healthcare,KPJ Johor Specialist Hospital,Daily_Gross_Profit_RM_Mil,5.1766,5.5217
2025-01-02,Wellness and healthcare,KPJ Johor Specialist Hospital,Daily_Finance_Cost_RM_Mil,0.5308,0.5782
2025-01-02,Wellness and healthcare,KPJ Johor Specialist Hospital,Patient_Admissions,1213.0,1370.0
2025-01-03,Wellness and healthcare,KPJ Healthcare Berhad,Daily_Revenue_RM_Mil,11.8467,12.0686
2025-01-03,Wellness and healthcare,KPJ Healthcare Berhad,Daily_Gross_Profit_RM_Mil,5.3569,5.1311
2025-01-03,Wellness and healthcare,KPJ Healthcare Berhad,Daily_Finance_Cost_RM_Mil,0.5122,0.5142
2025-01-03,Wellness and healthcare,KPJ Healthcare Berhad,Patient_Admissions,1187.0,1188.0
2025-01-04,Wellness and healthcare,KPJ Johor Specialist Hospital,Daily_Revenue_RM_Mil,10.8562,11.4036
2025-01-04,Wellness and healthcare,KPJ Johor Specialist Hospital,Daily_Gross_Profit_RM_Mil,5.0696,5.1289
2025-01-04,Wellness and healthcare,KPJ Johor Specialist Hospital,Daily_Finance_Cost_RM_Mil,0.5163,0.5135
2025-01-04,Wellness and healthcare,KPJ Johor Specialist Hospital,Patient_Admissions,1178.0,1239.0
2025-01-05,Wellness and healthcare,KPJ Healthcare Berhad,Daily_Revenue_RM_Mil,11.8144,12.2822
2025-01-05,Wellness and healthcare,KPJ Healthcare Berhad,Daily_Gross_Profit_RM_Mil,5.2384,5.577
2025-01-05,Wellness and healthcare,KPJ Healthcare Berhad,Daily_Finance_Cost_RM_Mil,0.5043,0.5111
2025-01-05,Wellness and healthcare,KPJ Healthcare Berhad,Patient_Admissions,1159.0,1211.0
2025-01-06,Wellness and healthcare,KPJ Johor Specialist Hospital,Daily_Revenue_RM_Mil,11.2896,11.8935
2025-01-06,Wellness and healthcare,KPJ Johor Specialist Hospital,Daily_Gross_Profit_RM_Mil,5.0629,4.6641
2025-01-06,Wellness and healthcare,KPJ Johor Specialist Hospital,Daily_Finance_Cost_RM_Mil,0.5126,0.5152
2025-01-06,Wellness and healthcare,KPJ Johor Specialist Hospital,Patient_Admissions,1249.0,1259.0
2025-01-07,Wellness and healthcare,KPJ Healthcare Berhad,Daily_Revenue_RM_Mil,11.8337,11.2136
2025-01-07,Wellness and healthcare,KPJ Healthcare Berhad,Daily_Gross_Profit_RM_Mil,5.2864,4.9988
2025-01-07,Wellness and healthcare,KPJ Healthcare Berhad,Daily_Finance_Cost_RM_Mil,0.5128,0.5144
2025-01-07,Wellness and healthcare,KPJ Healthcare Berhad,Patient_Admissions,1174.0,1205.0
2025-01-08,Wellness and healthcare,KPJ Johor Specialist Hospital,Daily_Revenue_RM_Mil,11.8442,10.6686
2025-01-08,Wellness and healthcare,KPJ Johor Specialist Hospital,Daily_Gross_Profit_RM_Mil,5.1327,4.8682
2025-01-08,Wellness and healthcare,KPJ Johor Specialist Hospital,Daily_Finance_Cost_RM_Mil,0.5087,0.5072
2025-01-08,Wellness and healthcare,KPJ Johor Specialist Hospital,Patient_Admissions,1203.0,1119.0
2025-01-09,Wellness and healthcare,KPJ Healthcare Berhad,Daily_Revenue_RM_Mil,11.4906,11.056
2025-01-09,Wellness and healthcare,KPJ Healthcare Berhad,Daily_Gross_Profit_RM_Mil,5.5134,5.4175
2025-01-09,Wellness and healthcare,KPJ Healthcare Berhad,Daily_Finance_Cost_RM_Mil,0.5073,0.5233
2025-01-09,Wellness and healthcare,KPJ Healthcare Berhad,Patient_Admissions,1176.0,1050.0
2025-01-10,Wellness and healthcare,KPJ Johor Specialist Hospital,Daily_Revenue_RM_Mil,11.4666,11.0283
2025-01-10,Wellness and healthcare,KPJ Johor Specialist Hospital,Daily_Gross_Profit_RM_Mil,5.1401,5.2016
2025-01-10,Wellness and healthcare,KPJ Johor Specialist Hospital,Daily_Finance_Cost_RM_Mil,0.5163,0.5199
2025-01-10,Wellness and healthcare,KPJ Johor Specialist Hospital,Patient_Admissions,1281.0,1241.0
2025-01-11,Wellness and healthcare,KPJ Healthcare Berhad,Daily_Revenue_RM_Mil,10.7697,10.4265
2025-01-11,Wellness and healthcare,KPJ Healthcare Berhad,Daily_Gross_Profit_RM_Mil,5.2534,5.3663
2025-01-11,Wellness and healthcare,KPJ Healthcare Berhad,Daily_Finance_Cost_RM_Mil,0.5242,0.5282
2025-01-11,Wellness and healthcare,KPJ Healthcare Berhad,Patient_Admissions,1125.0,1094.0
2025-01-12,Wellness and healthcare,KPJ Johor Specialist Hospital,Daily_Revenue_RM_Mil,11.5105,10.6953
2025-01-12,Wellness and healthcare,KPJ Johor Specialist Hospital,Daily_Gross_Profit_RM_Mil,5.4586,5.3041
2025-01-12,Wellness and healthcare,KPJ Johor Specialist Hospital,Daily_Finance_Cost_RM_Mil,0.5051,0.5008
2025-01-12,Wellness and healthcare,KPJ Johor Specialist Hospital,Patient_Admissions,1163.0,1164.0
2025-01-13,Wellness and healthcare,KPJ Healthcare Berhad,Daily_Revenue_RM_Mil,11.8672,11.7073
2025-01-13,Wellness and healthcare,KPJ Healthcare Berhad,Daily_Gross_Profit_RM_Mil,5.1645,4.7339
2025-01-13,Wellness and healthcare,KPJ Healthcare Berhad,Daily_Finance_Cost_RM_Mil,0.5169,0.4946
2025-01-13,Wellness and healthcare,KPJ Healthcare Berhad,Patient_Admissions,1187.0,1129.0
2025-01-14,Wellness and healthcare,KPJ Johor Specialist Hospital,Daily_Revenue_RM_Mil,11.451,12.0357
2025-01-14,Wellness and healthcare,KPJ Johor Specialist Hospital,Daily_Gross_Profit_RM_Mil,5.2232,5.2012
2025-01-14,Wellness and healthcare,KPJ Johor Specialist Hospital,Daily_Finance_Cost_RM_Mil,0.5039,0.4905
2025-01-14,Wellness and healthcare,KPJ Johor Specialist Hospital,Patient_Admissions,1185.0,1154.0
2025-01-15,Wellness and healthcare,KPJ Healthcare Berhad,Daily_Revenue_RM_Mil,11.5501,10.9111
2025-01-15,Wellness and healthcare,KPJ Healthcare Berhad,Daily_Gross_Profit_RM_Mil,5.292,5.7402
2025-01-15,Wellness and healthcare,KPJ Healthcare Berhad,Daily_Finance_Cost_RM_Mil,0.5059,0.5253
2025-01-15,Wellness and healthcare,KPJ Healthcare Berhad,Patient_Admissions,1276.0,1258.0
2025-01-16,Wellness and healthcare,KPJ Johor Specialist Hospital,Daily_Revenue_RM_Mil,12.0918,11.3064
2025-01-16,Wellness and healthcare,KPJ Johor Specialist Hospital,Daily_Gross_Profit_RM_Mil,5.5436,5.6111
2025-01-16,Wellness and healthcare,KPJ Johor Specialist Hospital,Daily_Finance_Cost_RM_Mil,0.5277,0.5041
2025-01-16,Wellness and healthcare,KPJ Johor Specialist Hospital,Patient_Admissions,1206.0,1123.0
2025-01-17,Wellness and healthcare,KPJ Healthcare Berhad,Daily_Revenue_RM_Mil,11.5036,10.5098
2025-01-17,Wellness and healthcare,KPJ Healthcare Berhad,Daily_Gross_Profit_RM_Mil,5.3315,5.0566
2025-01-17,Wellness and healthcare,KPJ Healthcare Berhad,Daily_Finance_Cost_RM_Mil,0.5079,0.5289
2025-01-17,Wellness and healthcare,KPJ Healthcare Berhad,Patient_Admissions,1114.0,1051.0
2025-01-18,Wellness and healthcare,KPJ Johor Specialist Hospital,Daily_Revenue_RM_Mil,11.2912,7.9038
2025-01-18,Wellness and healthcare,KPJ Johor Specialist Hospital,Daily_Gross_Profit_RM_Mil,5.5272,5.4433
2025-01-18,Wellness and healthcare,KPJ Johor Specialist Hospital,Daily_Finance_Cost_RM_Mil,0.5099,0.5386
2025-01-18,Wellness and healthcare,KPJ Johor Specialist Hospital,Patient_Admissions,1215.0,753.3
2025-01-19,Wellness and healthcare,KPJ Healthcare Berhad,Daily_Revenue_RM_Mil,12.0107,12.0674
2025-01-19,Wellness and healthcare,KPJ Healthcare Berhad,Daily_Gross_Profit_RM_Mil,5.2464,5.641
2025-01-19,Wellness and healthcare,KPJ Healthcare Berhad,Daily_Finance_Cost_RM_Mil,0.5186,0.5013
2025-01-19,Wellness and healthcare,KPJ Healthcare Berhad,Patient_Admissions,1162.0,1154.0
2025-01-20,Wellness and healthcare,KPJ Johor Specialist Hospital,Daily_Revenue_RM_Mil,11.7121,11.5379
2025-01-20,Wellness and healthcare,KPJ Johor Specialist Hospital,Daily_Gross_Profit_RM_Mil,5.2555,5.2725
2025-01-20,Wellness and healthcare,KPJ Johor Specialist Hospital,Daily_Finance_Cost_RM_Mil,0.5328,0.5424
2025-01-20,Wellness and healthcare,KPJ Johor Specialist Hospital,Patient_Admissions,1219.0,1212.0
2025-01-21,Wellness and healthcare,KPJ Healthcare Berhad,Daily_Revenue_RM_Mil,11.7673,11.7805
2025-01-21,Wellness and healthcare,KPJ Healthcare Berhad,Daily_Gross_Profit_RM_Mil,5.46,5.4031
2025-01-21,Wellness and healthcare,KPJ Healthcare Berhad,Daily_Finance_Cost_RM_Mil,0.5212,0.5239
2025-01-21,Wellness and healthcare,KPJ Healthcare Berhad,Patient_Admissions,1227.0,1133.0
2025-01-22,Wellness and healthcare,KPJ Johor Specialist Hospital,Daily_Revenue_RM_Mil,11.4953,12.595
2025-01-22,Wellness and healthcare,KPJ Johor Specialist Hospital,Daily_Gross_Profit_RM_Mil,5.6249,6.5018
2025-01-22,Wellness and healthcare,KPJ Johor Specialist Hospital,Daily_Finance_Cost_RM_Mil,0.5201,0.5131
2025-01-22,Wellness and healthcare,KPJ Johor Specialist Hospital,Patient_Admissions,1231.0,1194.0
2025-01-23,Wellness and healthcare,KPJ Healthcare Berhad,Daily_Revenue_RM_Mil,11.9845,11.3847
2025-01-23,Wellness and healthcare,KPJ Healthcare Berhad,Daily_Gross_Profit_RM_Mil,5.4686,4.9249
2025-01-23,Wellness and healthcare,KPJ Healthcare Berhad,Daily_Finance_Cost_RM_Mil,0.5154,0.5616
2025-01-23,Wellness and healthcare,KPJ Healthcare Berhad,Patient_Admissions,1135.0,1162.0
2025-01-24,Wellness and healthcare,KPJ Johor Specialist Hospital,Daily_Revenue_RM_Mil,11.4475,12.3685
2025-01-24,Wellness and healthcare,KPJ Johor Specialist Hospital,Daily_Gross_Profit_RM_Mil,5.0484,4.6317
2025-01-24,Wellness and healthcare,KPJ Johor Specialist Hospital,Daily_Finance_Cost_RM_Mil,0.5395,0.5273
2025-01-24,Wellness and healthcare,KPJ Johor Specialist Hospital,Patient_Admissions,1195.0,1166.0
2025-01-25,Wellness and healthcare,KPJ Healthcare Berhad,Daily_Revenue_RM_Mil,11.8302,11.5971
2025-01-25,Wellness and healthcare,KPJ Healthcare Berhad,Daily_Gross_Profit_RM_Mil,5.3061,5.0019
2025-01-25,Wellness and healthcare,KPJ Healthcare Berhad,Daily_Finance_Cost_RM_Mil,0.5171,0.5291
2025-01-25,Wellness and healthcare,KPJ Healthcare Berhad,Patient_Admissions,1241.0,1284.0
2025-01-26,Wellness and healthcare,KPJ Johor Specialist Hospital,Daily_Revenue_RM_Mil,11.7422,11.7005
2025-01-26,Wellness and healthcare,KPJ Johor Specialist Hospital,Daily_Gross_Profit_RM_Mil,5.5645,5.1296
2025-01-26,Wellness and healthcare,KPJ Johor Specialist Hospital,Daily_Finance_Cost_RM_Mil,0.5094,0.4972
2025-01-26,Wellness and healthcare,KPJ Johor Specialist Hospital,Patient_Admissions,1171.0,1187.0
2025-01-27,Wellness and healthcare,KPJ Healthcare Berhad,Daily_Revenue_RM_Mil,11.5263,11.8816
2025-01-27,Wellness and healthcare,KPJ Healthcare Berhad,Daily_Gross_Profit_RM_Mil,5.1676,5.1985
2025-01-27,Wellness and healthcare,KPJ Healthcare Berhad,Daily_Finance_Cost_RM_Mil,0.5296,0.5054
2025-01-27,Wellness and healthcare,KPJ Healthcare Berhad,Patient_Admissions,1181.0,1200.0
2025-01-28,Wellness and healthcare,KPJ Johor Specialist Hospital,Daily_Revenue_RM_Mil,11.3726,10.9873
2025-01-28,Wellness and healthcare,KPJ Johor Specialist Hospital,Daily_Gross_Profit_RM_Mil,5.2533,5.1632
2025-01-28,Wellness and healthcare,KPJ Johor Specialist Hospital,Daily_Finance_Cost_RM_Mil,0.5064,0.5801
2025-01-28,Wellness and healthcare,KPJ Johor Specialist Hospital,Patient_Admissions,1164.0,1146.0
2025-01-29,Wellness and healthcare,KPJ Healthcare Berhad,Daily_Revenue_RM_Mil,12.2398,12.2605
2025-01-29,Wellness and healthcare,KPJ Healthcare Berhad,Daily_Gross_Profit_RM_Mil,5.3572,4.7254
2025-01-29,Wellness and healthcare,KPJ Healthcare Berhad,Daily_Finance_Cost_RM_Mil,0.523,0.5354
2025-01-29,Wellness and healthcare,KPJ Healthcare Berhad,Patient_Admissions,1199.0,1127.0
2025-01-30,Wellness and healthcare,KPJ Johor Specialist Hospital,Daily_Revenue_RM_Mil,11.4322,11.3784
2025-01-30,Wellness and healthcare,KPJ Johor Specialist Hospital,Daily_Gross_Profit_RM_Mil,5.5019,5.5911
2025-01-30,Wellness and healthcare,KPJ Johor Specialist Hospital,Daily_Finance_Cost_RM_Mil,0.4927,0.4531
2025-01-30,Wellness and healthcare,KPJ Johor Specialist Hospital,Patient_Admissions,1179.0,1252.0
2025-01-01,Real estate and infrastructure,JCorp Properties Sdn Bhd,Daily_Revenue_RM_Mil,3.5549,3.5201
2025-01-01,Real estate and infrastructure,JCorp Properties Sdn Bhd,Daily_Gross_Profit_RM_Mil,1.1107,1.0729
2025-01-01,Real estate and infrastructure,JCorp Properties Sdn Bhd,Daily_Finance_Cost_RM_Mil,0.3768,0.4098
2025-01-01,Real estate and infrastructure,JCorp Properties Sdn Bhd,Units_Under_Construction,85.0,77.0
2025-01-02,Real estate and infrastructure,Damansara Assets Sdn Bhd,Daily_Revenue_RM_Mil,3.8521,4.2915
2025-01-02,Real estate and infrastructure,Damansara Assets Sdn Bhd,Daily_Gross_Profit_RM_Mil,1.0949,0.9774
2025-01-02,Real estate and infrastructure,Damansara Assets Sdn Bhd,Daily_Finance_Cost_RM_Mil,0.3804,0.3531
2025-01-02,Real estate and infrastructure,Damansara Assets Sdn Bhd,Units_Under_Construction,88.0,90.0
2025-01-03,Real estate and infrastructure,JCIT,Daily_Revenue_RM_Mil,3.8355,3.8531
2025-01-03,Real estate and infrastructure,JCIT,Daily_Gross_Profit_RM_Mil,1.1491,0.9066
2025-01-03,Real estate and infrastructure,JCIT,Daily_Finance_Cost_RM_Mil,0.3628,0.3362
2025-01-03,Real estate and infrastructure,JCIT,Units_Under_Construction,83.0,83.0
2025-01-04,Real estate and infrastructure,JCorp Properties Sdn Bhd,Daily_Revenue_RM_Mil,3.7982,4.0323
2025-01-04,Real estate and infrastructure,JCorp Properties Sdn Bhd,Daily_Gross_Profit_RM_Mil,1.0742,1.0894
2025-01-04,Real estate and infrastructure,JCorp Properties Sdn Bhd,Daily_Finance_Cost_RM_Mil,0.3654,0.3374
2025-01-04,Real estate and infrastructure,JCorp Properties Sdn Bhd,Units_Under_Construction,88.0,86.0
2025-01-05,Real estate and infrastructure,Damansara Assets Sdn Bhd,Daily_Revenue_RM_Mil,3.7622,3.4378
2025-01-05,Real estate and infrastructure,Damansara Assets Sdn Bhd,Daily_Gross_Profit_RM_Mil,1.1435,1.0707
2025-01-05,Real estate and infrastructure,Damansara Assets Sdn Bhd,Daily_Finance_Cost_RM_Mil,0.3645,0.3433
2025-01-05,Real estate and infrastructure,Damansara Assets Sdn Bhd,Units_Under_Construction,87.0,94.0
2025-01-06,Real estate and infrastructure,JCIT,Daily_Revenue_RM_Mil,3.8191,3.1691
2025-01-06,Real estate and infrastructure,JCIT,Daily_Gross_Profit_RM_Mil,1.1118,1.4376
2025-01-06,Real estate and infrastructure,JCIT,Daily_Finance_Cost_RM_Mil,0.3726,0.3617
2025-01-06,Real estate and infrastructure,JCIT,Units_Under_Construction,85.0,80.0
2025-01-07,Real estate and infrastructure,JCorp Properties Sdn Bhd,Daily_Revenue_RM_Mil,3.7244,3.4578
2025-01-07,Real estate and infrastructure,JCorp Properties Sdn Bhd,Daily_Gross_Profit_RM_Mil,1.113,1.1859
2025-01-07,Real estate and infrastructure,JCorp Properties Sdn Bhd,Daily_Finance_Cost_RM_Mil,0.3774,0.3478
2025-01-07,Real estate and infrastructure,JCorp Properties Sdn Bhd,Units_Under_Construction,81.0,83.0
2025-01-08,Real estate and infrastructure,Damansara Assets Sdn Bhd,Daily_Revenue_RM_Mil,3.78,2.3436
2025-01-08,Real estate and infrastructure,Damansara Assets Sdn Bhd,Daily_Gross_Profit_RM_Mil,1.0873,1.1827
2025-01-08,Real estate and infrastructure,Damansara Assets Sdn Bhd,Daily_Finance_Cost_RM_Mil,0.3654,0.3907
2025-01-08,Real estate and infrastructure,Damansara Assets Sdn Bhd,Units_Under_Construction,86.0,86.0
2025-01-09,Real estate and infrastructure,JCIT,Daily_Revenue_RM_Mil,3.6522,3.243
2025-01-09,Real estate and infrastructure,JCIT,Daily_Gross_Profit_RM_Mil,1.1008,0.9692
2025-01-09,Real estate and infrastructure,JCIT,Daily_Finance_Cost_RM_Mil,0.3716,0.3641
2025-01-09,Real estate and infrastructure,JCIT,Units_Under_Construction,85.0,84.0
2025-01-10,Real estate and infrastructure,JCorp Properties Sdn Bhd,Daily_Revenue_RM_Mil,3.7559,3.7567
2025-01-10,Real estate and infrastructure,JCorp Properties Sdn Bhd,Daily_Gross_Profit_RM_Mil,1.1218,1.1546
2025-01-10,Real estate and infrastructure,JCorp Properties Sdn Bhd,Daily_Finance_Cost_RM_Mil,0.3605,0.3347
2025-01-10,Real estate and infrastructure,JCorp Properties Sdn Bhd,Units_Under_Construction,83.0,73.0
2025-01-11,Real estate and infrastructure,Damansara Assets Sdn Bhd,Daily_Revenue_RM_Mil,3.9211,3.6326
2025-01-11,Real estate and infrastructure,Damansara Assets Sdn Bhd,Daily_Gross_Profit_RM_Mil,1.1268,1.0641
2025-01-11,Real estate and infrastructure,Damansara Assets Sdn Bhd,Daily_Finance_Cost_RM_Mil,0.3642,0.3336
2025-01-11,Real estate and infrastructure,Damansara Assets Sdn Bhd,Units_Under_Construction,86.0,88.0
2025-01-12,Real estate and infrastructure,JCIT,Daily_Revenue_RM_Mil,3.7575,4.1588
2025-01-12,Real estate and infrastructure,JCIT,Daily_Gross_Profit_RM_Mil,1.1437,1.0809
2025-01-12,Real estate and infrastructure,JCIT,Daily_Finance_Cost_RM_Mil,0.3703,0.574
2025-01-12,Real estate and infrastructure,JCIT,Units_Under_Construction,90.0,91.0
2025-01-13,Real estate and infrastructure,JCorp Properties Sdn Bhd,Daily_Revenue_RM_Mil,3.5143,4.2339
2025-01-13,Real estate and infrastructure,JCorp Properties Sdn Bhd,Daily_Gross_Profit_RM_Mil,1.078,1.3303
2025-01-13,Real estate and infrastructure,JCorp Properties Sdn Bhd,Daily_Finance_Cost_RM_Mil,0.3702,0.3726
2025-01-13,Real estate and infrastructure,JCorp Properties Sdn Bhd,Units_Under_Construction,86.0,85.0
2025-01-14,Real estate and infrastructure,Damansara Assets Sdn Bhd,Daily_Revenue_RM_Mil,3.816,3.6958
2025-01-14,Real estate and infrastructure,Damansara Assets Sdn Bhd,Daily_Gross_Profit_RM_Mil,1.0785,1.1283
2025-01-14,Real estate and infrastructure,Damansara Assets Sdn Bhd,Daily_Finance_Cost_RM_Mil,0.3719,0.3733
2025-01-14,Real estate and infrastructure,Damansara Assets Sdn Bhd,Units_Under_Construction,88.0,90.0
2025-01-15,Real estate and infrastructure,JCIT,Daily_Revenue_RM_Mil,3.807,3.8761
2025-01-15,Real estate and infrastructure,JCIT,Daily_Gross_Profit_RM_Mil,1.095,1.0196
2025-01-15,Real estate and infrastructure,JCIT,Daily_Finance_Cost_RM_Mil,0.3709,0.3514
2025-01-15,Real estate and infrastructure,JCIT,Units_Under_Construction,86.0,89.0
2025-01-16,Real estate and infrastructure,JCorp Properties Sdn Bhd,Daily_Revenue_RM_Mil,3.8202,4.3406
2025-01-16,Real estate and infrastructure,JCorp Properties Sdn Bhd,Daily_Gross_Profit_RM_Mil,1.0969,0.8385
2025-01-16,Real estate and infrastructure,JCorp Properties Sdn Bhd,Daily_Finance_Cost_RM_Mil,0.3704,0.4002
2025-01-16,Real estate and infrastructure,JCorp Properties Sdn Bhd,Units_Under_Construction,83.0,82.0
2025-01-17,Real estate and infrastructure,Damansara Assets Sdn Bhd,Daily_Revenue_RM_Mil,3.7558,3.6842
2025-01-17,Real estate and infrastructure,Damansara Assets Sdn Bhd,Daily_Gross_Profit_RM_Mil,1.1415,1.1554
2025-01-17,Real estate and infrastructure,Damansara Assets Sdn Bhd,Daily_Finance_Cost_RM_Mil,0.3599,0.4111
2025-01-17,Real estate and infrastructure,Damansara Assets Sdn Bhd,Units_Under_Construction,87.0,87.0
2025-01-18,Real estate and infrastructure,JCIT,Daily_Revenue_RM_Mil,3.7642,3.3976
2025-01-18,Real estate and infrastructure,JCIT,Daily_Gross_Profit_RM_Mil,1.0858,0.9745
2025-01-18,Real estate and infrastructure,JCIT,Daily_Finance_Cost_RM_Mil,0.3754,0.4279
2025-01-18,Real estate and infrastructure,JCIT,Units_Under_Construction,87.0,86.0
2025-01-19,Real estate and infrastructure,JCorp Properties Sdn Bhd,Daily_Revenue_RM_Mil,3.8216,4.366
2025-01-19,Real estate and infrastructure,JCorp Properties Sdn Bhd,Daily_Gross_Profit_RM_Mil,1.1017,1.2548
2025-01-19,Real estate and infrastructure,JCorp Properties Sdn Bhd,Daily_Finance_Cost_RM_Mil,0.3756,0.3516
2025-01-19,Real estate and infrastructure,JCorp Properties Sdn Bhd,Units_Under_Construction,87.0,97.0
2025-01-20,Real estate and infrastructure,Damansara Assets Sdn Bhd,Daily_Revenue_RM_Mil,3.7227,4.1081
2025-01-20,Real estate and infrastructure,Damansara Assets Sdn Bhd,Daily_Gross_Profit_RM_Mil,1.1162,1.2426
2025-01-20,Real estate and infrastructure,Damansara Assets Sdn Bhd,Daily_Finance_Cost_RM_Mil,0.3648,0.3542
2025-01-20,Real estate and infrastructure,Damansara Assets Sdn Bhd,Units_Under_Construction,86.0,92.0
2025-01-21,Real estate and infrastructure,JCIT,Daily_Revenue_RM_Mil,3.9028,3.769
2025-01-21,Real estate and infrastructure,JCIT,Daily_Gross_Profit_RM_Mil,1.1581,1.2739
2025-01-21,Real estate and infrastructure,JCIT,Daily_Finance_Cost_RM_Mil,0.3823,0.3716
2025-01-21,Real estate and infrastructure,JCIT,Units_Under_Construction,84.0,90.0
2025-01-22,Real estate and infrastructure,JCorp Properties Sdn Bhd,Daily_Revenue_RM_Mil,3.627,3.4453
2025-01-22,Real estate and infrastructure,JCorp Properties Sdn Bhd,Daily_Gross_Profit_RM_Mil,1.0999,1.1527
2025-01-22,Real estate and infrastructure,JCorp Properties Sdn Bhd,Daily_Finance_Cost_RM_Mil,0.3646,0.3425
2025-01-22,Real estate and infrastructure,JCorp Properties Sdn Bhd,Units_Under_Construction,86.0,93.0
2025-01-23,Real estate and infrastructure,Damansara Assets Sdn Bhd,Daily_Revenue_RM_Mil,3.8246,4.077
2025-01-23,Real estate and infrastructure,Damansara Assets Sdn Bhd,Daily_Gross_Profit_RM_Mil,1.1225,1.1716
2025-01-23,Real estate and infrastructure,Damansara Assets Sdn Bhd,Daily_Finance_Cost_RM_Mil,0.3679,0.3555
2025-01-23,Real estate and infrastructure,Damansara Assets Sdn Bhd,Units_Under_Construction,82.0,81.0
2025-01-24,Real estate and infrastructure,JCIT,Daily_Revenue_RM_Mil,3.7412,4.0968
2025-01-24,Real estate and infrastructure,JCIT,Daily_Gross_Profit_RM_Mil,1.1304,1.1075
2025-01-24,Real estate and infrastructure,JCIT,Daily_Finance_Cost_RM_Mil,0.3592,0.3091
2025-01-24,Real estate and infrastructure,JCIT,Units_Under_Construction,85.0,83.0
2025-01-25,Real estate and infrastructure,JCorp Properties Sdn Bhd,Daily_Revenue_RM_Mil,3.7592,3.5154
2025-01-25,Real estate and infrastructure,JCorp Properties Sdn Bhd,Daily_Gross_Profit_RM_Mil,1.1358,0.9986
2025-01-25,Real estate and infrastructure,JCorp Properties Sdn Bhd,Daily_Finance_Cost_RM_Mil,0.3777,0.4115
2025-01-25,Real estate and infrastructure,JCorp Properties Sdn Bhd,Units_Under_Construction,77.0,76.0
2025-01-26,Real estate and infrastructure,Damansara Assets Sdn Bhd,Daily_Revenue_RM_Mil,3.5866,3.5521
2025-01-26,Real estate and infrastructure,Damansara Assets Sdn Bhd,Daily_Gross_Profit_RM_Mil,1.0721,0.7631
2025-01-26,Real estate and infrastructure,Damansara Assets Sdn Bhd,Daily_Finance_Cost_RM_Mil,0.3698,0.3793
2025-01-26,Real estate and infrastructure,Damansara Assets Sdn Bhd,Units_Under_Construction,85.0,93.0
2025-01-27,Real estate and infrastructure,JCIT,Daily_Revenue_RM_Mil,3.8276,3.6671
2025-01-27,Real estate and infrastructure,JCIT,Daily_Gross_Profit_RM_Mil,1.0903,1.0173
2025-01-27,Real estate and infrastructure,JCIT,Daily_Finance_Cost_RM_Mil,0.3661,0.3789
2025-01-27,Real estate and infrastructure,JCIT,Units_Under_Construction,84.0,85.0
2025-01-28,Real estate and infrastructure,JCorp Properties Sdn Bhd,Daily_Revenue_RM_Mil,3.793,3.8415
2025-01-28,Real estate and infrastructure,JCorp Properties Sdn Bhd,Daily_Gross_Profit_RM_Mil,1.1093,1.1629
2025-01-28,Real estate and infrastructure,JCorp Properties Sdn Bhd,Daily_Finance_Cost_RM_Mil,0.3778,0.3145
2025-01-28,Real estate and infrastructure,JCorp Properties Sdn Bhd,Units_Under_Construction,90.0,86.0
2025-01-29,Real estate and infrastructure,Damansara Assets Sdn Bhd,Daily_Revenue_RM_Mil,3.5852,3.861
2025-01-29,Real estate and infrastructure,Damansara Assets Sdn Bhd,Daily_Gross_Profit_RM_Mil,1.1325,1.1501
2025-01-29,Real estate and infrastructure,Damansara Assets Sdn Bhd,Daily_Finance_Cost_RM_Mil,0.3741,0.3927
2025-01-29,Real estate and infrastructure,Damansara Assets Sdn Bhd,Units_Under_Construction,86.0,86.0
2025-01-30,Real estate and infrastructure,JCIT,Daily_Revenue_RM_Mil,3.3994,3.6203
2025-01-30,Real estate and infrastructure,JCIT,Daily_Gross_Profit_RM_Mil,1.1424,1.052
2025-01-30,Real estate and infrastructure,JCIT,Daily_Finance_Cost_RM_Mil,0.3654,0.379
2025-01-30,Real estate and infrastructure,JCIT,Units_Under_Construction,84.0,78.0
2025-01-01,Others,QSR Brands (M) Holdings Bhd,Daily_Revenue_RM_Mil,0.6797,0.693
2025-01-01,Others,QSR Brands (M) Holdings Bhd,Daily_Gross_Profit_RM_Mil,0.3571,0.3939
2025-01-01,Others,QSR Brands (M) Holdings Bhd,Daily_Finance_Cost_RM_Mil,0.4568,0.4857
2025-01-01,Others,QSR Brands (M) Holdings Bhd,Outlet_Transactions,3193.0,2878.0
2025-01-02,Others,Sindora Berhad,Daily_Revenue_RM_Mil,0.715,0.7408
2025-01-02,Others,Sindora Berhad,Daily_Gross_Profit_RM_Mil,0.3718,0.3388
2025-01-02,Others,Sindora Berhad,Daily_Finance_Cost_RM_Mil,0.4503,0.4783
2025-01-02,Others,Sindora Berhad,Outlet_Transactions,3146.0,3182.0
2025-01-03,Others,Johor Port Sdn Bhd,Daily_Revenue_RM_Mil,0.7022,0.7071
2025-01-03,Others,Johor Port Sdn Bhd,Daily_Gross_Profit_RM_Mil,0.341,0.4205
2025-01-03,Others,Johor Port Sdn Bhd,Daily_Finance_Cost_RM_Mil,0.4624,0.4529
2025-01-03,Others,Johor Port Sdn Bhd,Outlet_Transactions,3100.0,3114.0
2025-01-04,Others,QSR Brands (M) Holdings Bhd,Daily_Revenue_RM_Mil,0.7185,0.7324
2025-01-04,Others,QSR Brands (M) Holdings Bhd,Daily_Gross_Profit_RM_Mil,0.3522,0.3269
2025-01-04,Others,QSR Brands (M) Holdings Bhd,Daily_Finance_Cost_RM_Mil,0.4695,0.4592
2025-01-04,Others,QSR Brands (M) Holdings Bhd,Outlet_Transactions,3068.0,2811.0
2025-01-05,Others,Sindora Berhad,Daily_Revenue_RM_Mil,0.6989,0.6718
2025-01-05,Others,Sindora Berhad,Daily_Gross_Profit_RM_Mil,0.3249,0.3362
2025-01-05,Others,Sindora Berhad,Daily_Finance_Cost_RM_Mil,0.4668,0.4482
2025-01-05,Others,Sindora Berhad,Outlet_Transactions,3221.0,3231.0
2025-01-06,Others,Johor Port Sdn Bhd,Daily_Revenue_RM_Mil,0.7021,0.6864
2025-01-06,Others,Johor Port Sdn Bhd,Daily_Gross_Profit_RM_Mil,0.3496,0.3581
2025-01-06,Others,Johor Port Sdn Bhd,Daily_Finance_Cost_RM_Mil,0.4641,0.4869
2025-01-06,Others,Johor Port Sdn Bhd,Outlet_Transactions,3182.0,3043.0
2025-01-07,Others,QSR Brands (M) Holdings Bhd,Daily_Revenue_RM_Mil,0.7198,0.7121
2025-01-07,Others,QSR Brands (M) Holdings Bhd,Daily_Gross_Profit_RM_Mil,0.3489,0.3238
2025-01-07,Others,QSR Brands (M) Holdings Bhd,Daily_Finance_Cost_RM_Mil,0.4756,0.4998
2025-01-07,Others,QSR Brands (M) Holdings Bhd,Outlet_Transactions,3211.0,2963.0
2025-01-08,Others,Sindora Berhad,Daily_Revenue_RM_Mil,0.7577,0.8386
2025-01-08,Others,Sindora Berhad,Daily_Gross_Profit_RM_Mil,0.367,0.3794
2025-01-08,Others,Sindora Berhad,Daily_Finance_Cost_RM_Mil,0.4633,0.4867
2025-01-08,Others,Sindora Berhad,Outlet_Transactions,3228.0,3317.0
2025-01-09,Others,Johor Port Sdn Bhd,Daily_Revenue_RM_Mil,0.7004,0.7001
2025-01-09,Others,Johor Port Sdn Bhd,Daily_Gross_Profit_RM_Mil,0.3477,0.3708
2025-01-09,Others,Johor Port Sdn Bhd,Daily_Finance_Cost_RM_Mil,0.4638,0.5356
2025-01-09,Others,Johor Port Sdn Bhd,Outlet_Transactions,3149.0,3197.0
2025-01-10,Others,QSR Brands (M) Holdings Bhd,Daily_Revenue_RM_Mil,0.7471,0.7019
2025-01-10,Others,QSR Brands (M) Holdings Bhd,Daily_Gross_Profit_RM_Mil,0.3673,0.3383
2025-01-10,Others,QSR Brands (M) Holdings Bhd,Daily_Finance_Cost_RM_Mil,0.4666,0.464
2025-01-10,Others,QSR Brands (M) Holdings Bhd,Outlet_Transactions,3184.0,3614.0
2025-01-11,Others,Sindora Berhad,Daily_Revenue_RM_Mil,0.7381,0.7752
2025-01-11,Others,Sindora Berhad,Daily_Gross_Profit_RM_Mil,0.3539,0.3067
2025-01-11,Others,Sindora Berhad,Daily_Finance_Cost_RM_Mil,0.4723,0.4714
2025-01-11,Others,Sindora Berhad,Outlet_Transactions,3127.0,3194.0
2025-01-12,Others,Johor Port Sdn Bhd,Daily_Revenue_RM_Mil,0.7143,0.7061
2025-01-12,Others,Johor Port Sdn Bhd,Daily_Gross_Profit_RM_Mil,0.3595,0.427
2025-01-12,Others,Johor Port Sdn Bhd,Daily_Finance_Cost_RM_Mil,0.4627,0.4988
2025-01-12,Others,Johor Port Sdn Bhd,Outlet_Transactions,3422.0,3568.0
2025-01-13,Others,QSR Brands (M) Holdings Bhd,Daily_Revenue_RM_Mil,0.7153,0.7697
2025-01-13,Others,QSR Brands (M) Holdings Bhd,Daily_Gross_Profit_RM_Mil,0.3559,0.3678
2025-01-13,Others,QSR Brands (M) Holdings Bhd,Daily_Finance_Cost_RM_Mil,0.4534,0.4512
2025-01-13,Others,QSR Brands (M) Holdings Bhd,Outlet_Transactions,3338.0,3365.0
2025-01-14,Others,Sindora Berhad,Daily_Revenue_RM_Mil,0.752,0.757
2025-01-14,Others,Sindora Berhad,Daily_Gross_Profit_RM_Mil,0.3637,0.3413
2025-01-14,Others,Sindora Berhad,Daily_Finance_Cost_RM_Mil,0.4642,0.4527
2025-01-14,Others,Sindora Berhad,Outlet_Transactions,3210.0,3413.0
2025-01-15,Others,Johor Port Sdn Bhd,Daily_Revenue_RM_Mil,0.6983,0.6419
2025-01-15,Others,Johor Port Sdn Bhd,Daily_Gross_Profit_RM_Mil,0.3554,0.3756
2025-01-15,Others,Johor Port Sdn Bhd,Daily_Finance_Cost_RM_Mil,0.4802,0.4403
2025-01-15,Others,Johor Port Sdn Bhd,Outlet_Transactions,3023.0,2884.0
2025-01-16,Others,QSR Brands (M) Holdings Bhd,Daily_Revenue_RM_Mil,0.7382,0.6783
2025-01-16,Others,QSR Brands (M) Holdings Bhd,Daily_Gross_Profit_RM_Mil,0.3491,0.3938
2025-01-16,Others,QSR Brands (M) Holdings Bhd,Daily_Finance_Cost_RM_Mil,0.4632,0.4623
2025-01-16,Others,QSR Brands (M) Holdings Bhd,Outlet_Transactions,3220.0,3446.0
2025-01-17,Others,Sindora Berhad,Daily_Revenue_RM_Mil,0.7065,0.6157
2025-01-17,Others,Sindora Berhad,Daily_Gross_Profit_RM_Mil,0.3536,0.3638
2025-01-17,Others,Sindora Berhad,Daily_Finance_Cost_RM_Mil,0.4393,0.4781
2025-01-17,Others,Sindora Berhad,Outlet_Transactions,3180.0,2705.0
2025-01-18,Others,Johor Port Sdn Bhd,Daily_Revenue_RM_Mil,0.6998,0.7852
2025-01-18,Others,Johor Port Sdn Bhd,Daily_Gross_Profit_RM_Mil,0.3632,0.3679
2025-01-18,Others,Johor Port Sdn Bhd,Daily_Finance_Cost_RM_Mil,0.4648,0.3934
2025-01-18,Others,Johor Port Sdn Bhd,Outlet_Transactions,3195.0,1980.9
2025-01-19,Others,QSR Brands (M) Holdings Bhd,Daily_Revenue_RM_Mil,0.6913,0.719
2025-01-19,Others,QSR Brands (M) Holdings Bhd,Daily_Gross_Profit_RM_Mil,0.3465,0.3632
2025-01-19,Others,QSR Brands (M) Holdings Bhd,Daily_Finance_Cost_RM_Mil,0.4534,0.4652
2025-01-19,Others,QSR Brands (M) Holdings Bhd,Outlet_Transactions,3070.0,2637.0
2025-01-20,Others,Sindora Berhad,Daily_Revenue_RM_Mil,0.6995,0.6845
2025-01-20,Others,Sindora Berhad,Daily_Gross_Profit_RM_Mil,0.356,0.3284
2025-01-20,Others,Sindora Berhad,Daily_Finance_Cost_RM_Mil,0.4614,0.4593
2025-01-20,Others,Sindora Berhad,Outlet_Transactions,3309.0,3641.0
2025-01-21,Others,Johor Port Sdn Bhd,Daily_Revenue_RM_Mil,0.7119,0.7854
2025-01-21,Others,Johor Port Sdn Bhd,Daily_Gross_Profit_RM_Mil,0.354,0.4166
2025-01-21,Others,Johor Port Sdn Bhd,Daily_Finance_Cost_RM_Mil,0.4789,0.4642
2025-01-21,Others,Johor Port Sdn Bhd,Outlet_Transactions,3140.0,3071.0
2025-01-22,Others,QSR Brands (M) Holdings Bhd,Daily_Revenue_RM_Mil,0.7328,1.0845
2025-01-22,Others,QSR Brands (M) Holdings Bhd,Daily_Gross_Profit_RM_Mil,0.3611,0.3698
2025-01-22,Others,QSR Brands (M) Holdings Bhd,Daily_Finance_Cost_RM_Mil,0.4782,0.6456
2025-01-22,Others,QSR Brands (M) Holdings Bhd,Outlet_Transactions,3167.0,2938.0
2025-01-23,Others,Sindora Berhad,Daily_Revenue_RM_Mil,0.7338,0.8412
2025-01-23,Others,Sindora Berhad,Daily_Gross_Profit_RM_Mil,0.362,0.3878
2025-01-23,Others,Sindora Berhad,Daily_Finance_Cost_RM_Mil,0.4596,0.5005
2025-01-23,Others,Sindora Berhad,Outlet_Transactions,3116.0,3122.0
2025-01-24,Others,Johor Port Sdn Bhd,Daily_Revenue_RM_Mil,0.6955,0.6807
2025-01-24,Others,Johor Port Sdn Bhd,Daily_Gross_Profit_RM_Mil,0.3607,0.4006
2025-01-24,Others,Johor Port Sdn Bhd,Daily_Finance_Cost_RM_Mil,0.4553,0.4305
2025-01-24,Others,Johor Port Sdn Bhd,Outlet_Transactions,3222.0,3204.0
2025-01-25,Others,QSR Brands (M) Holdings Bhd,Daily_Revenue_RM_Mil,0.7163,0.6807
2025-01-25,Others,QSR Brands (M) Holdings Bhd,Daily_Gross_Profit_RM_Mil,0.3489,0.3204
2025-01-25,Others,QSR Brands (M) Holdings Bhd,Daily_Finance_Cost_RM_Mil,0.47,0.4518
2025-01-25,Others,QSR Brands (M) Holdings Bhd,Outlet_Transactions,3263.0,3470.0
2025-01-26,Others,Sindora Berhad,Daily_Revenue_RM_Mil,0.7144,0.7756
2025-01-26,Others,Sindora Berhad,Daily_Gross_Profit_RM_Mil,0.3627,0.4016
2025-01-26,Others,Sindora Berhad,Daily_Finance_Cost_RM_Mil,0.4587,0.4905
2025-01-26,Others,Sindora Berhad,Outlet_Transactions,3231.0,3200.0
2025-01-27,Others,Johor Port Sdn Bhd,Daily_Revenue_RM_Mil,0.7476,0.7095
2025-01-27,Others,Johor Port Sdn Bhd,Daily_Gross_Profit_RM_Mil,0.3551,0.3606
2025-01-27,Others,Johor Port Sdn Bhd,Daily_Finance_Cost_RM_Mil,0.4637,0.4901
2025-01-27,Others,Johor Port Sdn Bhd,Outlet_Transactions,3354.0,3683.0
2025-01-28,Others,QSR Brands (M) Holdings Bhd,Daily_Revenue_RM_Mil,0.6854,0.6474
2025-01-28,Others,QSR Brands (M) Holdings Bhd,Daily_Gross_Profit_RM_Mil,0.365,0.338
2025-01-28,Others,QSR Brands (M) Holdings Bhd,Daily_Finance_Cost_RM_Mil,0.4649,0.4305
2025-01-28,Others,QSR Brands (M) Holdings Bhd,Outlet_Transactions,3005.0,2518.0
2025-01-29,Others,Sindora Berhad,Daily_Revenue_RM_Mil,0.6949,0.7267
2025-01-29,Others,Sindora Berhad,Daily_Gross_Profit_RM_Mil,0.3564,0.3644
2025-01-29,Others,Sindora Berhad,Daily_Finance_Cost_RM_Mil,0.4697,0.4673
2025-01-29,Others,Sindora Berhad,Outlet_Transactions,3309.0,3351.0
2025-01-30,Others,Johor Port Sdn Bhd,Daily_Revenue_RM_Mil,0.713,0.7949
2025-01-30,Others,Johor Port Sdn Bhd,Daily_Gross_Profit_RM_Mil,0.3514,0.3586
2025-01-30,Others,Johor Port Sdn Bhd,Daily_Finance_Cost_RM_Mil,0.4682,0.5126
2025-01-30,Others,Johor Port Sdn Bhd,Outlet_Transactions,3311.0,2983.0
